n_actual_halos,mag_h1,mag_h2,mag_h3,mag_h4
1,48.518241957315318,32.467309298485226,30.959999159855553,16.701097146931129,19.092187110979513
2,57.593913803058058,27.406007029593685,20.541300353228308,20.397186340368005,18.440298404075644
3,137.62922584671836,56.175121679329969,28.728149347939048,25.99727275522795,27.361358714570191
